MySQL Shell 8.0.22                                                                                                                                                                                                                              Copyright (c) 2016, 2020, Oracle and/or its affiliates.                                                                 Oracle is a registered trademark of Oracle Corporation and/or its affiliates.                                           Other names may be trademarks of their respective owners.                                                                                                                                                                                       Type '\help' or '\?' for help; '\quit' to exit.                                                                          MySQL  JS > \sql                                                                                                       Switching to SQL mode... Commands end with ;                                                                             MySQL  SQL > \connect root@localhost                                                                                   Creating a session to 'root@localhost'                                                                                  Fetching schema names for autocompletion... Press ^C to stop.                                                           Your MySQL connection id is 25 (X protocol)                                                                             Server version: 8.0.22 MySQL Community Server - GPL                                                                     No default schema selected; type \use <schema> to set one.                                                               MySQL  localhost:33060+ ssl  SQL > show databases;                                                                     +--------------------+                                                                                                  | Database           |                                                                                                  +--------------------+                                                                                                  | information_schema |                                                                                                  | mysql              |                                                                                                  | payroll_service    |                                                                                                  | performance_schema |                                                                                                  | sakila             |                                                                                                  | sys                |                                                                                                  | world              |                                                                                                  +--------------------+                                                                                                  7 rows in set (0.0011 sec)                                                                                               MySQL  localhost:33060+ ssl  SQL > create database Address_Book_Service;                                               Query OK, 1 row affected (0.1555 sec)                                                                                    MySQL  localhost:33060+ ssl  SQL > use Address_Book_Service;                                                           Default schema set to `Address_Book_Service`.                                                                           Fetching table and column names from `address_book_service` for auto-completion... Press ^C to stop.                     MySQL  localhost:33060+ ssl  address_book_service  SQL > create table address_book                                                                                            -> (                                                                                                                    -> firstName varchar(10) not null,                                                                                      -> lastName varchar(10) not null,                                                                                       -> address varchar(20) not null,                                                                                        -> city varchar(10) not null,                                                                                           -> state varchar(15) not null,                                                                                          -> zip int not null,                                                                                                    -> phone_number int not null,                                                                                           -> email varchar(15) not null                                                                                           -> );                                                            Query OK, 0 rows affected (1.9354 sec)                                                                                   MySQL  localhost:33060+ ssl  address_book_service  SQL > describe address_book;                                        +--------------+-------------+------+-----+---------+-------+                                                           | Field        | Type        | Null | Key | Default | Extra |                                                           +--------------+-------------+------+-----+---------+-------+                                                           | firstName    | varchar(10) | NO   |     | NULL    |       |                                                           | lastName     | varchar(10) | NO   |     | NULL    |       |                                                           | address      | varchar(20) | NO   |     | NULL    |       |                                                           | city         | varchar(10) | NO   |     | NULL    |       |                                                           | state        | varchar(15) | NO   |     | NULL    |       |                                                           | zip          | int         | NO   |     | NULL    |       |                                                           | phone_number | int         | NO   |     | NULL    |       |                                                           | email        | varchar(15) | NO   |     | NULL    |       |                                                           +--------------+-------------+------+-----+---------+-------+                                                           8 rows in set (0.0383 sec)                                                                                               MySQL  localhost:33060+ ssl  address_book_service  SQL > insert into address_book values                                                                                      -> ('Ganesh','Rapeti','1-51 akp','akp','Andhra Pradesh',123456,9876543210,'gani@abc.com');                                                                                               ERROR: 1264: Out of range value for column 'phone_number' at row 1                                                       MySQL  localhost:33060+ ssl  address_book_service  SQL > alter table address_book                                                                                             -> alter column phone_number decimal(10,0);                      ERROR: 1064: You have an error in your SQL syntax; check the manual that corresponds to your MySQL server version for the right syntax to use near 'decimal(10,0)' at line 2                                                                     MySQL  localhost:33060+ ssl  address_book_service  SQL > alter table address_book alter column phone_number unsigned int;                                                                                                                      ERROR: 1064: You have an error in your SQL syntax; check the manual that corresponds to your MySQL server version for the right syntax to use near 'unsigned int' at line 1                                                                      MySQL  localhost:33060+ ssl  address_book_service  SQL > alter table address_book alter column phone_number varchar(10);                                                                                                                       ERROR: 1064: You have an error in your SQL syntax; check the manual that corresponds to your MySQL server version for the right syntax to use near 'varchar(10)' at line 1                                                                       MySQL  localhost:33060+ ssl  address_book_service  SQL > alter table address_book alter column phone_number varchar(10) not null;                                                                                                              ERROR: 1064: You have an error in your SQL syntax; check the manual that corresponds to your MySQL server version for the right syntax to use near 'varchar(10) not null' at line 1                                                              MySQL  localhost:33060+ ssl  address_book_service  SQL > drop address_book;                                            ERROR: 1064: You have an error in your SQL syntax; check the manual that corresponds to your MySQL server version for the right syntax to use near 'address_book' at line 1                                                                      MySQL  localhost:33060+ ssl  address_book_service  SQL > drop table address_book;                                      Query OK, 0 rows affected (0.7634 sec)                                                                                   MySQL  localhost:33060+ ssl  address_book_service  SQL > create table address_book ( firstName varchar(10) not null, lastName varchar(10) not null, address varchar(20) not null, city varchar(10) not null, state varchar(15) not null, zip int not null, phone_number varchar(10) not null, email varchar(15) not null );                                            Query OK, 0 rows affected (1.6341 sec)                                                                                   MySQL  localhost:33060+ ssl  address_book_service  SQL > insert into address_book values  ('Ganesh','Rapeti','1-51 akp','akp','Andhra Pradesh',123456,9876543210,'gani@abc.com');                                                              Query OK, 1 row affected (0.1901 sec)                                                                                    MySQL  localhost:33060+ ssl  address_book_service  SQL > select * from address_book;                                   +-----------+----------+----------+------+----------------+--------+--------------+--------------+                      | firstName | lastName | address  | city | state          | zip    | phone_number | email        |                      +-----------+----------+----------+------+----------------+--------+--------------+--------------+                      | Ganesh    | Rapeti   | 1-51 akp | akp  | Andhra Pradesh | 123456 | 9876543210   | gani@abc.com |                      +-----------+----------+----------+------+----------------+--------+--------------+--------------+                      1 row in set (0.0032 sec)                                                                                                MySQL  localhost:33060+ ssl  address_book_service  SQL > update address_book set city ='vizag' where firstName = 'Ganesh';                                                                                                                     Query OK, 1 row affected (0.1019 sec)                                                                                                                                                                                                           Rows matched: 1  Changed: 1  Warnings: 0                                                                                 MySQL  localhost:33060+ ssl  address_book_service  SQL > select * from address_book;                                   +-----------+----------+----------+-------+----------------+--------+--------------+--------------+                     | firstName | lastName | address  | city  | state          | zip    | phone_number | email        |                     +-----------+----------+----------+-------+----------------+--------+--------------+--------------+                     | Ganesh    | Rapeti   | 1-51 akp | vizag | Andhra Pradesh | 123456 | 9876543210   | gani@abc.com |                     +-----------+----------+----------+-------+----------------+--------+--------------+--------------+                     1 row in set (0.0005 sec)                                                                                                MySQL  localhost:33060+ ssl  address_book_service  SQL > insert into address_book values  ('Sai','Rapeti','1-51 akp','anp','Andhra Pradesh',123466,9876543211,'sai@abc.com');                                                                  Query OK, 1 row affected (0.3042 sec)                                                                                    MySQL  localhost:33060+ ssl  address_book_service  SQL > select * from address_book;                                   +-----------+----------+----------+-------+----------------+--------+--------------+--------------+                     | firstName | lastName | address  | city  | state          | zip    | phone_number | email        |                     +-----------+----------+----------+-------+----------------+--------+--------------+--------------+                     | Ganesh    | Rapeti   | 1-51 akp | vizag | Andhra Pradesh | 123456 | 9876543210   | gani@abc.com |                     | Sai       | Rapeti   | 1-51 akp | anp   | Andhra Pradesh | 123466 | 9876543211   | sai@abc.com  |                     +-----------+----------+----------+-------+----------------+--------+--------------+--------------+                     2 rows in set (0.1110 sec)                                                                                               MySQL  localhost:33060+ ssl  address_book_service  SQL > delete from address_book where firstName = 'Sai';             Query OK, 1 row affected (0.2222 sec)                                                                                    MySQL  localhost:33060+ ssl  address_book_service  SQL > select * from address_book;                                   +-----------+----------+----------+-------+----------------+--------+--------------+--------------+                     | firstName | lastName | address  | city  | state          | zip    | phone_number | email        |                     +-----------+----------+----------+-------+----------------+--------+--------------+--------------+                     | Ganesh    | Rapeti   | 1-51 akp | vizag | Andhra Pradesh | 123456 | 9876543210   | gani@abc.com |                     +-----------+----------+----------+-------+----------------+--------+--------------+--------------+                     1 row in set (0.0011 sec)                                                                                                MySQL  localhost:33060+ ssl  address_book_service  SQL > insert into address_book values  ('Sai','Rapeti','1-51 akp','anp','Uttar Pradesh',123466,9876543211,'sai@abc.com');                                                                   Query OK, 1 row affected (0.1438 sec)                                                                                    MySQL  localhost:33060+ ssl  address_book_service  SQL > select * from address_book where state='Andhra Pradesh';      +-----------+----------+----------+-------+----------------+--------+--------------+--------------+                     | firstName | lastName | address  | city  | state          | zip    | phone_number | email        |                     +-----------+----------+----------+-------+----------------+--------+--------------+--------------+                     | Ganesh    | Rapeti   | 1-51 akp | vizag | Andhra Pradesh | 123456 | 9876543210   | gani@abc.com |                     +-----------+----------+----------+-------+----------------+--------+--------------+--------------+                     1 row in set (0.0117 sec)                                                                                                MySQL  localhost:33060+ ssl  address_book_service  SQL > select * from address_book where state='Uttar Pradesh';       +-----------+----------+----------+------+---------------+--------+--------------+-------------+                        | firstName | lastName | address  | city | state         | zip    | phone_number | email       |                        +-----------+----------+----------+------+---------------+--------+--------------+-------------+                        | Sai       | Rapeti   | 1-51 akp | anp  | Uttar Pradesh | 123466 | 9876543211   | sai@abc.com |                        +-----------+----------+----------+------+---------------+--------+--------------+-------------+                        1 row in set (0.0005 sec)                                                                                                MySQL  localhost:33060+ ssl  address_book_service  SQL > select count(state) from address_book where state = 'Andhra Pradesh';                                                                                                                 +--------------+                                                                                                        | count(state) |                                                                                                        +--------------+                                                                                                        |            1 |                                                                                                        +--------------+                                                                                                        1 row in set (0.0005 sec)                                                                                                MySQL  localhost:33060+ ssl  address_book_service  SQL > select count(state) from address_book group by state;         +--------------+                                                                                                        | count(state) |                                                                                                        +--------------+                                                                                                        |            1 |                                                                                                        |            1 |                                                                                                        +--------------+                                                                                                        2 rows in set (0.0007 sec)                                                                                               MySQL  localhost:33060+ ssl  address_book_service  SQL > select city,count(city) from address_book group by city;      +-------+-------------+                                                                                                 | city  | count(city) |                                                                                                 +-------+-------------+                                                                                                 | vizag |           1 |                                                                                                 | anp   |           1 |                                                                                                 +-------+-------------+                                                                                                 2 rows in set (0.0006 sec)                                                                                               MySQL  localhost:33060+ ssl  address_book_service  SQL > select * from address_book where city ='vizag' order by firstName;                                                                                                                    +-----------+----------+----------+-------+----------------+--------+--------------+--------------+                     | firstName | lastName | address  | city  | state          | zip    | phone_number | email        |                     +-----------+----------+----------+-------+----------------+--------+--------------+--------------+                     | Ganesh    | Rapeti   | 1-51 akp | vizag | Andhra Pradesh | 123456 | 9876543210   | gani@abc.com |                     +-----------+----------+----------+-------+----------------+--------+--------------+--------------+                     1 row in set (0.0221 sec)                                                                                                MySQL  localhost:33060+ ssl  address_book_service  SQL > insert into address_book values  ('Anand','Rapeti','1-51 akp','vizag','Uttar Pradesh',123466,9876543211,'sai@abc.com');                                                               Query OK, 1 row affected (0.1734 sec)                                                                                    MySQL  localhost:33060+ ssl  address_book_service  SQL > select * from address_book where city ='vizag' order by firstName;                                                                                                                    +-----------+----------+----------+-------+----------------+--------+--------------+--------------+                     | firstName | lastName | address  | city  | state          | zip    | phone_number | email        |                     +-----------+----------+----------+-------+----------------+--------+--------------+--------------+                     | Anand     | Rapeti   | 1-51 akp | vizag | Uttar Pradesh  | 123466 | 9876543211   | sai@abc.com  |                     | Ganesh    | Rapeti   | 1-51 akp | vizag | Andhra Pradesh | 123456 | 9876543210   | gani@abc.com |                     +-----------+----------+----------+-------+----------------+--------+--------------+--------------+                     2 rows in set (0.1703 sec)                                                                                               MySQL  localhost:33060+ ssl  address_book_service  SQL > alter table address_book add book_name varchar(15) not null;  Query OK, 0 rows affected (2.3005 sec)                                                                                                                                                                                                          Records: 0  Duplicates: 0  Warnings: 0                                                                                   MySQL  localhost:33060+ ssl  address_book_service  SQL > alter table address_book add book_type varchar(15) not null;  Query OK, 0 rows affected (0.8102 sec)                                                                                                                                                                                                          Records: 0  Duplicates: 0  Warnings: 0                                                                                   MySQL  localhost:33060+ ssl  address_book_service  SQL > select * from address_book;                                   +-----------+----------+----------+-------+----------------+--------+--------------+--------------+-----------+-----------+                                                                                                                     | firstName | lastName | address  | city  | state          | zip    | phone_number | email        | book_name | book_type |                                                                                                                     +-----------+----------+----------+-------+----------------+--------+--------------+--------------+-----------+-----------+                                                                                                                     | Ganesh    | Rapeti   | 1-51 akp | vizag | Andhra Pradesh | 123456 | 9876543210   | gani@abc.com |           |           |                                                                                                                     | Sai       | Rapeti   | 1-51 akp | anp   | Uttar Pradesh  | 123466 | 9876543211   | sai@abc.com  |           |           |                                                                                                                     | Anand     | Rapeti   | 1-51 akp | vizag | Uttar Pradesh  | 123466 | 9876543211   | sai@abc.com  |           |           |                                                                                                                     +-----------+----------+----------+-------+----------------+--------+--------------+--------------+-----------+-----------+                                                                                                                     3 rows in set (0.0007 sec)                                                                                               MySQL  localhost:33060+ ssl  address_book_service  SQL > update address_book set book_name = 'hello' where firstName ='Ganesh';                                                                                                                Query OK, 1 row affected (0.1782 sec)                                                                                                                                                                                                           Rows matched: 1  Changed: 1  Warnings: 0                                                                                 MySQL  localhost:33060+ ssl  address_book_service  SQL > update address_book set book_type = 'family' where firstName ='Ganesh';                                                                                                               Query OK, 1 row affected (0.1124 sec)                                                                                                                                                                                                           Rows matched: 1  Changed: 1  Warnings: 0                                                                                 MySQL  localhost:33060+ ssl  address_book_service  SQL > update address_book set book_name = 'hello' where firstName ='Anand';                                                                                                                 Query OK, 1 row affected (0.1669 sec)                                                                                                                                                                                                           Rows matched: 1  Changed: 1  Warnings: 0                                                                                 MySQL  localhost:33060+ ssl  address_book_service  SQL > update address_book set book_type = 'family' where firstName ='Anand';                                                                                                                Query OK, 1 row affected (0.1556 sec)                                                                                                                                                                                                           Rows matched: 1  Changed: 1  Warnings: 0                                                                                 MySQL  localhost:33060+ ssl  address_book_service  SQL > update address_book set book_name = 'hello world' where firstName ='Sai';                                                                                                             Query OK, 1 row affected (0.0893 sec)                                                                                                                                                                                                           Rows matched: 1  Changed: 1  Warnings: 0                                                                                 MySQL  localhost:33060+ ssl  address_book_service  SQL > update address_book set book_type = 'Profession' where firstName ='Sai';                                                                                                              Query OK, 1 row affected (0.2136 sec)                                                                                                                                                                                                           Rows matched: 1  Changed: 1  Warnings: 0                                                                                 MySQL  localhost:33060+ ssl  address_book_service  SQL > select * from address_book;                                   +-----------+----------+----------+-------+----------------+--------+--------------+--------------+-------------+------------+                                                                                                                  | firstName | lastName | address  | city  | state          | zip    | phone_number | email        | book_name   | book_type  |                                                                                                                  +-----------+----------+----------+-------+----------------+--------+--------------+--------------+-------------+------------+                                                                                                                  | Ganesh    | Rapeti   | 1-51 akp | vizag | Andhra Pradesh | 123456 | 9876543210   | gani@abc.com | hello       | family     |                                                                                                                  | Sai       | Rapeti   | 1-51 akp | anp   | Uttar Pradesh  | 123466 | 9876543211   | sai@abc.com  | hello world | Profession |                                                                                                                  | Anand     | Rapeti   | 1-51 akp | vizag | Uttar Pradesh  | 123466 | 9876543211   | sai@abc.com  | hello       | family     |                                                                                                                  +-----------+----------+----------+-------+----------------+--------+--------------+--------------+-------------+------------+                                                                                                                  3 rows in set (0.0856 sec)                                                                                               MySQL  localhost:33060+ ssl  address_book_service  SQL > select book_type,count(book_type) from address_book group by book_type;                                                                                                               +------------+------------------+                                                                                       | book_type  | count(book_type) |                                                                                       +------------+------------------+                                                                                       | family     |                2 |                                                                                       | Profession |                1 |                                                                                       +------------+------------------+                                                                                       2 rows in set (0.0007 sec)                                                                                               MySQL  localhost:33060+ ssl  address_book_service  SQL > insert into address_book values  ('Ashok','Rapeti','1-51 akp','patna','Bihar',123468,9776543211,'ashok@abc.com','sadf','friend');                                                     Query OK, 1 row affected (0.4176 sec)                                                                                    MySQL  localhost:33060+ ssl  address_book_service  SQL > select * from address_book;                                   +-----------+----------+----------+-------+----------------+--------+--------------+---------------+-------------+------------+                                                                                                                 | firstName | lastName | address  | city  | state          | zip    | phone_number | email         | book_name   | book_type  |                                                                                                                 +-----------+----------+----------+-------+----------------+--------+--------------+---------------+-------------+------------+                                                                                                                 | Ganesh    | Rapeti   | 1-51 akp | vizag | Andhra Pradesh | 123456 | 9876543210   | gani@abc.com  | hello       | family     |                                                                                                                 | Sai       | Rapeti   | 1-51 akp | anp   | Uttar Pradesh  | 123466 | 9876543211   | sai@abc.com   | hello world | Profession |                                                                                                                 | Anand     | Rapeti   | 1-51 akp | vizag | Uttar Pradesh  | 123466 | 9876543211   | sai@abc.com   | hello       | family     |                                                                                                                 | Ashok     | Rapeti   | 1-51 akp | patna | Bihar          | 123468 | 9776543211   | ashok@abc.com | sadf        | friend     |                                                                                                                 +-----------+----------+----------+-------+----------------+--------+--------------+---------------+-------------+------------+                                                                                                                 4 rows in set (0.1089 sec) 