MySQL Shell 8.0.22                                                                                                                                                                                                                                                                                                                              Copyright (c) 2016, 2020, Oracle and/or its affiliates.                                                                                                                 Oracle is a registered trademark of Oracle Corporation and/or its affiliates.                                                                                           Other names may be trademarks of their respective owners.                                                                                                                                                                                                                                                                                       Type '\help' or '\?' for help; '\quit' to exit.                                                                                                                          MySQL  JS > \sql                                                                                                                                                       Switching to SQL mode... Commands end with ;                                                                                                                             MySQL  SQL > \connect root@localhost                                                                                                                                   Creating a session to 'root@localhost'                                                                                                                                  Fetching schema names for autocompletion... Press ^C to stop.                                                                                                           Your MySQL connection id is 24 (X protocol)                                                                                                                             Server version: 8.0.22 MySQL Community Server - GPL                                                                                                                     No default schema selected; type \use <schema> to set one.                                                                                                               MySQL  localhost:33060+ ssl  SQL > show databases;                                                                                                                     +--------------------+                                                                                                                                                  | Database           |                                                                                                                                                  +--------------------+                                                                                                                                                  | information_schema |                                                                                                                                                  | mysql              |                                                                                                                                                  | performance_schema |                                                                                                                                                  | sakila             |                                                                                                                                                  | sys                |                                                                                                                                                  | world              |                                                                                                                                                  +--------------------+                                                                                                                                                  6 rows in set (0.0007 sec)                                                                                                                                               MySQL  localhost:33060+ ssl  SQL > create database payroll_service;                                                                                                    Query OK, 1 row affected (1.4777 sec)                                                                                                                                    MySQL  localhost:33060+ ssl  SQL > use payroll_service;                                                                                                                Default schema set to `payroll_service`.                                                                                                                                Fetching table and column names from `payroll_service` for auto-completion... Press ^C to stop.                                                                          MySQL  localhost:33060+ ssl  payroll_service  SQL > select database();                                                                                                 +-----------------+                                                                                                                                                     | database()      |                                                                                                                                                     +-----------------+                                                                                                                                                     | payroll_service |                                                                                                                                                     +-----------------+                                                                                                                                                     1 row in set (0.0003 sec)                                                                                                                                                MySQL  localhost:33060+ ssl  payroll_service  SQL > create table employee_payroll                                                                                                                                        -> (                                                                                                                                                                    -> id int unsigned not null auto_increment,                                                                                                                             -> name varchar(150) not null,                                                                                                                                          -> salary double not null,                                                                                                                                              -> start date not null,                                                                                                                                                 -> primary key (id)                                                                                                                                                     -> );                                                                                                                 Query OK, 0 rows affected (0.8159 sec)                                                                                                                                   MySQL  localhost:33060+ ssl  payroll_service  SQL > drop table employee_payroll;                                                                                       Query OK, 0 rows affected (1.6744 sec)                                                                                                                                   MySQL  localhost:33060+ ssl  payroll_service  SQL > create table employee_payroll ( id int unsigned not null auto_increment, name varchar(150) not null, salary double not null, start date not null, primary key (id) );                                                                                                                      Query OK, 0 rows affected (0.7450 sec)                                                                                                                                   MySQL  localhost:33060+ ssl  payroll_service  SQL > describe employee_payroll;                                                                                         +--------+--------------+------+-----+---------+----------------+                                                                                                       | Field  | Type         | Null | Key | Default | Extra          |                                                                                                       +--------+--------------+------+-----+---------+----------------+                                                                                                       | id     | int unsigned | NO   | PRI | NULL    | auto_increment |                                                                                                       | name   | varchar(150) | NO   |     | NULL    |                |                                                                                                       | salary | double       | NO   |     | NULL    |                |                                                                                                       | start  | date         | NO   |     | NULL    |                |                                                                                                       +--------+--------------+------+-----+---------+----------------+                                                                                                       4 rows in set (0.0336 sec)                                                                                                                                               MySQL  localhost:33060+ ssl  payroll_service  SQL > insert into employee_payroll (name,salary,start) values                                                                                                              -> ('Bill',1000000.00,'2018-01-03'),                                                                                                                                    -> ('Mark',2000000.00,'2019-11-13'),                                                                                                                                    -> ('Charlie',3000000.00,'2020-05-21');                                                                               Query OK, 3 rows affected (0.1550 sec)                                                                                                                                                                                                                                                                                                          Records: 3  Duplicates: 0  Warnings: 0                                                                                                                                   MySQL  localhost:33060+ ssl  payroll_service  SQL > select * from employee_payroll;                                                                                    +----+---------+---------+------------+                                                                                                                                 | id | name    | salary  | start      |                                                                                                                                 +----+---------+---------+------------+                                                                                                                                 |  1 | Bill    | 1000000 | 2018-01-03 |                                                                                                                                 |  2 | Mark    | 2000000 | 2019-11-13 |                                                                                                                                 |  3 | Charlie | 3000000 | 2020-05-21 |                                                                                                                                 +----+---------+---------+------------+                                                                                                                                 3 rows in set (0.0034 sec)                                                                                                                                               MySQL  localhost:33060+ ssl  payroll_service  SQL > select salary from employee_payroll where name = 'Bill';                                                           +---------+                                                                                                                                                             | salary  |                                                                                                                                                             +---------+                                                                                                                                                             | 1000000 |                                                                                                                                                             +---------+                                                                                                                                                             1 row in set (0.0004 sec)                                                                                                                                                MySQL  localhost:33060+ ssl  payroll_service  SQL > delete from employee_payroll where name = 'Bill';                                                                  Query OK, 1 row affected (0.1926 sec)                                                                                                                                    MySQL  localhost:33060+ ssl  payroll_service  SQL > select * from employee_payroll;                                                                                    +----+---------+---------+------------+                                                                                                                                 | id | name    | salary  | start      |                                                                                                                                 +----+---------+---------+------------+                                                                                                                                 |  2 | Mark    | 2000000 | 2019-11-13 |                                                                                                                                 |  3 | Charlie | 3000000 | 2020-05-21 |                                                                                                                                 +----+---------+---------+------------+                                                                                                                                 2 rows in set (0.0004 sec)                                                                                                                                               MySQL  localhost:33060+ ssl  payroll_service  SQL > insert into employee_payroll (name,salary,start) values                                                                                                              -> ('Bill',1000000.00,'2018-01-03');                                                                                  Query OK, 1 row affected (0.2211 sec)                                                                                                                                    MySQL  localhost:33060+ ssl  payroll_service  SQL > select * from employee_payroll                                                                                                                                       -> where start between cast('2018-01-01' as date) and date(now());                                                    +----+---------+---------+------------+                                                                                                                                 | id | name    | salary  | start      |                                                                                                                                 +----+---------+---------+------------+                                                                                                                                 |  2 | Mark    | 2000000 | 2019-11-13 |                                                                                                                                 |  3 | Charlie | 3000000 | 2020-05-21 |                                                                                                                                 |  4 | Bill    | 1000000 | 2018-01-03 |                                                                                                                                 +----+---------+---------+------------+                                                                                                                                 3 rows in set (0.1176 sec)                                                                                                                                               MySQL  localhost:33060+ ssl  payroll_service  SQL > alter table employee_payroll add gender char(1) after name;                                                        Query OK, 0 rows affected (3.0164 sec)                                                                                                                                                                                                                                                                                                          Records: 0  Duplicates: 0  Warnings: 0                                                                                                                                   MySQL  localhost:33060+ ssl  payroll_service  SQL > update employee_payroll set gender = 'M' where name = 'Bill';                                                      Query OK, 1 row affected (0.2207 sec)                                                                                                                                                                                                                                                                                                           Rows matched: 1  Changed: 1  Warnings: 0                                                                                                                                 MySQL  localhost:33060+ ssl  payroll_service  SQL > select * from employee_payroll;                                                                                    +----+---------+--------+---------+------------+                                                                                                                        | id | name    | gender | salary  | start      |                                                                                                                        +----+---------+--------+---------+------------+                                                                                                                        |  2 | Mark    | NULL   | 2000000 | 2019-11-13 |                                                                                                                        |  3 | Charlie | NULL   | 3000000 | 2020-05-21 |                                                                                                                        |  4 | Bill    | M      | 1000000 | 2018-01-03 |                                                                                                                        +----+---------+--------+---------+------------+                                                                                                                        3 rows in set (0.0005 sec)                                                                                                                                               MySQL  localhost:33060+ ssl  payroll_service  SQL > update employee_payroll set gender = 'M' where name = 'Bill' or name = 'Charlie';                                  Query OK, 2 rows affected (0.2661 sec)                                                                                                                                                                                                                                                                                                          Rows matched: 2  Changed: 1  Warnings: 0                                                                                                                                 MySQL  localhost:33060+ ssl  payroll_service  SQL > select * from employee_payroll;                                                                                    +----+---------+--------+---------+------------+                                                                                                                        | id | name    | gender | salary  | start      |                                                                                                                        +----+---------+--------+---------+------------+                                                                                                                        |  2 | Mark    | NULL   | 2000000 | 2019-11-13 |                                                                                                                        |  3 | Charlie | M      | 3000000 | 2020-05-21 |                                                                                                                        |  4 | Bill    | M      | 1000000 | 2018-01-03 |                                                                                                                        +----+---------+--------+---------+------------+                                                                                                                        3 rows in set (0.0019 sec)                                                                                                                                               MySQL  localhost:33060+ ssl  payroll_service  SQL > update employee_payroll set gender = 'F' where name = 'Mark';                                                      Query OK, 1 row affected (0.1721 sec)                                                                                                                                                                                                                                                                                                           Rows matched: 1  Changed: 1  Warnings: 0                                                                                                                                 MySQL  localhost:33060+ ssl  payroll_service  SQL > select * from employee_payroll;                                                                                    +----+---------+--------+---------+------------+                                                                                                                        | id | name    | gender | salary  | start      |                                                                                                                        +----+---------+--------+---------+------------+                                                                                                                        |  2 | Mark    | F      | 2000000 | 2019-11-13 |                                                                                                                        |  3 | Charlie | M      | 3000000 | 2020-05-21 |                                                                                                                        |  4 | Bill    | M      | 1000000 | 2018-01-03 |                                                                                                                        +----+---------+--------+---------+------------+                                                                                                                        3 rows in set (0.0004 sec)                                                                                                                                               MySQL  localhost:33060+ ssl  payroll_service  SQL > select sum(salary) from employee_payroll where gender = 'F' group by gender;                                       +-------------+                                                                                                                                                         | sum(salary) |                                                                                                                                                         +-------------+                                                                                                                                                         |     2000000 |                                                                                                                                                         +-------------+                                                                                                                                                         1 row in set (0.0007 sec)                                                                                                                                                MySQL  localhost:33060+ ssl  payroll_service  SQL > select gender,sum(salary) from employee_payroll group by gender;                                                   +--------+-------------+                                                                                                                                                | gender | sum(salary) |                                                                                                                                                +--------+-------------+                                                                                                                                                | F      |     2000000 |                                                                                                                                                | M      |     4000000 |                                                                                                                                                +--------+-------------+                                                                                                                                                2 rows in set (0.0005 sec)                                                                                                                                               MySQL  localhost:33060+ ssl  payroll_service  SQL > select gender,avg(salary) from employee_payroll group by gender;                                                   +--------+-------------+                                                                                                                                                | gender | avg(salary) |                                                                                                                                                +--------+-------------+                                                                                                                                                | F      |     2000000 |                                                                                                                                                | M      |     2000000 |                                                                                                                                                +--------+-------------+                                                                                                                                                2 rows in set (0.0005 sec)                                                                                                                                               MySQL  localhost:33060+ ssl  payroll_service  SQL > select gender,min(salary) from employee_payroll group by gender;                                                   +--------+-------------+                                                                                                                                                | gender | min(salary) |                                                                                                                                                +--------+-------------+                                                                                                                                                | F      |     2000000 |                                                                                                                                                | M      |     1000000 |                                                                                                                                                +--------+-------------+                                                                                                                                                2 rows in set (0.0006 sec)                                                                                                                                               MySQL  localhost:33060+ ssl  payroll_service  SQL > select gender,max(salary) from employee_payroll group by gender;                                                   +--------+-------------+                                                                                                                                                | gender | max(salary) |                                                                                                                                                +--------+-------------+                                                                                                                                                | F      |     2000000 |                                                                                                                                                | M      |     3000000 |                                                                                                                                                +--------+-------------+                                                                                                                                                2 rows in set (0.0006 sec)                                                                                                                                               MySQL  localhost:33060+ ssl  payroll_service  SQL > select gender,count(salary) from employee_payroll group by gender;                                                 +--------+---------------+                                                                                                                                              | gender | count(salary) |                                                                                                                                              +--------+---------------+                                                                                                                                              | F      |             1 |                                                                                                                                              | M      |             2 |                                                                                                                                              +--------+---------------+                                                                                                                                              2 rows in set (0.0006 sec) 